,rank,lasso,group
W,1,4.049864423298581,amino20
E,2,3.2039914705186687,amino20
C,3,3.1077292082301615,amino20
R,4,2.9430668079475697,amino20
F,5,2.7163985911502833,amino20
K,6,2.3468823544431396,amino20
F43,7,1.8661249443548829,vina58
Q,8,1.8616424977937764,amino20
D,9,1.6777348164760801,amino20
NN254,10,1.655841628808378,nn350
NN239,11,1.5925104183891532,nn350
NN255,12,1.5192962066256512,nn350
NN261,13,1.3666105599387426,nn350
NN238,14,1.2460495098209952,nn350
A,15,1.2093705614874666,amino20
P,16,1.2049320204864487,amino20
NN293,17,1.164347464367312,nn350
MQNs_topology_counts_r4,18,1.1241464018394154,rdkt2d147
NN296,19,1.11637988538442,nn350
L,20,1.035974303020995,amino20
NN265,21,1.0296202092062894,nn350
N,22,1.0189235137345847,amino20
vina,23,0.9196906469534352,deltavina20
NN246,24,0.8415798546190025,nn350
NN75,25,0.8207573882355803,nn350
NN256,26,0.7882570908968222,nn350
NN278,27,0.6934359792230949,nn350
MQNs_atom_counts_br,28,0.6907270793336978,rdkt2d147
H,29,0.6647152011598474,amino20
MQNs_atom_counts_p,30,0.6451826242662887,rdkt2d147
nF5Ring,31,0.6368967478806212,pd92
I,32,0.622540044978333,amino20
nF8HeteroRing,33,0.5674512818982657,pd92
NN277,34,0.5535666443406236,nn350
MQNs_bond_counts_atb,35,0.538737402017488,rdkt2d147
nT7HeteroRing,36,0.5330639057787913,pd92
NN44,37,0.5202858811345831,nn350
NN247,38,0.5196151580584295,nn350
MQNs_polarity_counts_negc,39,0.5068575075074486,rdkt2d147
NN100,40,0.45123680841883623,nn350
nF11HeteroRing,41,0.43904724772321924,pd92
NN43,42,0.43406996966899225,nn350
NN295,43,0.43404957701432745,nn350
MQNs_atom_counts_s,44,0.4226848989305648,rdkt2d147
MQNs_atom_counts_cl,45,0.41522013478928443,rdkt2d147
NN59,46,0.413158109287306,nn350
D22,47,0.37107821037307953,dssp34
Chi4v,48,0.3497954050308097,rdkt2d147
n4Ring,49,0.3476141515459149,pd92
V,50,0.3396273804054407,amino20
NN104,51,0.33140628828948937,nn350
NN45,52,0.31180655922294903,nn350
Eccentricity,53,0.29846456161153606,rdkt3d11
NN262,54,0.2983476729815654,nn350
nF11Ring,55,0.2957792130006343,pd92
NN95,56,0.2944992498303725,nn350
NN260,57,0.2780538932748598,nn350
nT7Ring,58,0.27574048272954327,pd92
nF7Ring,59,0.24030719430463104,pd92
NN285,60,0.23872929510406257,nn350
SpherocityIndex,61,0.22920924331252598,rdkt3d11
n3Ring,62,0.219206932444246,pd92
S,63,0.2133933013445582,amino20
nF10HeteroRing,64,0.20950257196481203,pd92
nT11HeteroRing,65,0.20007020832392836,pd92
MQNs_atom_counts_co,66,0.18991881386321824,rdkt2d147
NN89,67,0.18531147547675914,nn350
NumBridgeheadAtoms,68,0.17860200687062133,rdkt2d147
NN54,69,0.17798101427935206,nn350
nCl,70,0.1773267496878375,pd92
NN294,71,0.17412719359566894,nn350
nF5HeteroRing,72,0.17391166328868302,pd92
F4,73,0.1639935280489342,vina58
MQNs_topology_counts_rgIO,74,0.16279672850949375,rdkt2d147
NN243,75,0.15312525117448364,nn350
NN5,76,0.15076177474737776,nn350
F52,77,0.14073760987535255,vina58
nF8Ring,78,0.14022889052364437,pd92
nT11Ring,79,0.13498809351478575,pd92
D14,80,0.12598797363630185,dssp34
D5,81,0.12176340285321832,dssp34
NN53,82,0.1185719847673828,nn350
nP,83,0.11664896694262691,pd92
NN99,84,0.1092765763722788,nn350
MQNs_bond_counts_adb,85,0.10876514691092962,rdkt2d147
NN61,86,0.10872136233797428,nn350
NumAliphaticCarbocycles,87,0.10479110041707893,rdkt2d147
NN287,88,0.10311203060191401,nn350
nT8HeteroRing,89,0.10052968146604901,pd92
NN284,90,0.09718042057304457,nn350
nF6HeteroRing,91,0.09661310569949319,pd92
NumAmideBonds,92,0.09535375732957042,rdkt2d147
nBondsD2,93,0.09248521501778276,pd92
NN292,94,0.09208838062480419,nn350
NumSaturatedHeterocycles,95,0.08677865748293233,rdkt2d147
NN108,96,0.0855404238008164,nn350
NN8,97,0.08522005176710203,nn350
NN286,98,0.08501858067361746,nn350
NumSaturatedRings,99,0.08484099259086884,rdkt2d147
VSA_EState10,100,0.08130876652779938,rdkt2d147
NN297,101,0.07981042253540614,nn350
FractionCSP3,102,0.0797640174007792,rdkt2d147
NumAromaticHeterocycles,103,0.07881080579222145,rdkt2d147
NN63,104,0.07640219090219402,nn350
nT12Ring,105,0.074459480664177,pd92
NN236,106,0.07126162800032941,nn350
NumHAcceptors,107,0.07045452034385337,rdkt2d147
NN105,108,0.06990103737841148,nn350
NN107,109,0.06720534631243523,nn350
NPR1,110,0.0650309175066712,rdkt3d11
NN74,111,0.06478733913562924,nn350
NN58,112,0.06217243706534968,nn350
MQNs_polarity_counts_posc,113,0.060515935041373634,rdkt2d147
NN335,114,0.05667150501732719,nn350
MQNs_polarity_counts_hbdm,115,0.053934039859193816,rdkt2d147
NN280,116,0.05109426841255248,nn350
NumAromaticCarbocycles,117,0.050794465767917144,rdkt2d147
Chi4n,118,0.050246990394911914,rdkt2d147
EState_VSA7,119,0.04987978118430802,rdkt2d147
NN329,120,0.04947374891961643,nn350
MQNs_atom_counts_f,121,0.04855794632436129,rdkt2d147
NN233,122,0.047877139600877756,nn350
Asphericity,123,0.04445270633722231,rdkt3d11
F54,124,0.038989317577629974,vina58
F36,125,0.03710427008653,vina58
MQNs_bond_counts_rbc,126,0.03568765148645548,rdkt2d147
NN77,127,0.03484500723925776,nn350
SlogP_VSA7,128,0.03376575924529868,rdkt2d147
nX,129,0.03315721917648745,pd92
NN47,130,0.032950511046050006,nn350
D19,131,0.032934325530327865,dssp34
VSA_EState4,132,0.032751192733373284,rdkt2d147
D30,133,0.03275067324299979,dssp34
NN60,134,0.03163133837045926,nn350
PEOE_VSA2,135,0.03161752573338674,rdkt2d147
NN97,136,0.03125469358959931,nn350
NN303,137,0.03105510504973858,nn350
NN230,138,0.031040329563114304,nn350
D16,139,0.030564650847481785,dssp34
NN332,140,0.030144332209205434,nn350
NN257,141,0.028996613793616115,nn350
NN76,142,0.02838213059077782,nn350
NumSpiroAtoms,143,0.028308345074714143,rdkt2d147
NN9,144,0.02783371869497498,nn350
NN319,145,0.027045287861485405,nn350
PEOE_VSA3,146,0.02641094536102931,rdkt2d147
NN228,147,0.026086500645227446,nn350
SMR_VSA4,148,0.026069996437856728,rdkt2d147
NN11,149,0.025023735956222766,nn350
nN,150,0.024396371371911807,pd92
EState_VSA6,151,0.023871495281632075,rdkt2d147
D28,152,0.02379577046934882,dssp34
F37,153,0.02326453077620832,vina58
MQNs_topology_counts_cqv,154,0.022653945371171914,rdkt2d147
NN83,155,0.02264397936898252,nn350
SMR_VSA9,156,0.022150248471757724,rdkt2d147
PEOE_VSA13,157,0.021593036668256425,rdkt2d147
D17,158,0.020978516030157112,dssp34
NN66,159,0.02089822674046585,nn350
nF7HeteroRing,160,0.020086923492139083,pd92
